num,productNum,billToName,qty,qtyonhand,qtyonorderpo,qtyonorderto,qtyonordertotal,soitemstatusId,sostatusId,pickitemstatusId,soitemtypeId,dateLastModified
195362,HIK-DS-2CD7A26G0/P-IZS(2.8-12mm),BLUE FORCE PTY LTD,2,3,0,0,0,20,25,30,10,25/08/2020
197660,EDE-RF-Card,MCS SECURITY,6,0,0,0,0,30,25,40,10,3/04/2020
197660,EDE-RF-Card,MCS SECURITY,24,0,0,0,0,30,25,5,10,3/04/2020
198174,ION-FEBM-720,HBE SECURITY PTY LTD,2,0,64,24,88,10,25,5,10,2/06/2020
199908,ION-FEBM-720,HBE SECURITY PTY LTD,4,0,64,24,88,10,25,5,10,11/06/2020
200468,HIK-DS-KD-ACW3,NOMINEES PTY LTD T/A NORTH STAR SECURITY,1,5,8,0,8,20,25,30,10,26/08/2020
200468,HIK-DS-KD8003-IME2,NOMINEES PTY LTD T/A NORTH STAR SECURITY,1,2,14,0,14,20,25,30,10,26/08/2020
200468,HIK-DS-KD-KP,NOMINEES PTY LTD T/A NORTH STAR SECURITY,1,4,28,0,28,10,25,10,10,26/08/2020
200468,HIK-DS-KD-DIS,NOMINEES PTY LTD T/A NORTH STAR SECURITY,1,4,8,0,8,20,25,30,10,26/08/2020
200468,HIK-DS-KAD706,NOMINEES PTY LTD T/A NORTH STAR SECURITY,9,14,10,0,10,20,25,30,10,26/08/2020
200468,HIK-DS-KAD706,NOMINEES PTY LTD T/A NORTH STAR SECURITY,3,14,10,0,10,20,25,30,10,26/08/2020
200468,HIK-DS-KAD706,NOMINEES PTY LTD T/A NORTH STAR SECURITY,1,14,10,0,10,20,25,10,10,26/08/2020
200468,HIK-DS-KAW60-2N,NOMINEES PTY LTD T/A NORTH STAR SECURITY,13,26,10,0,10,20,25,30,10,26/08/2020
200468,HIK-DS-7732NI-I4-16P-3TB,NOMINEES PTY LTD T/A NORTH STAR SECURITY,1,21,8,0,8,20,25,30,10,26/08/2020
200468,HDD-WD-P-3TB,NOMINEES PTY LTD T/A NORTH STAR SECURITY,1,38,4,0,4,20,25,30,10,26/08/2020
200468,HIK-DS-2CD2165G0-I-2,NOMINEES PTY LTD T/A NORTH STAR SECURITY,12,195,0,0,0,20,25,30,10,26/08/2020
200468,HIK-DS-K2210,NOMINEES PTY LTD T/A NORTH STAR SECURITY,1,8,0,0,0,20,25,30,10,26/08/2020
200468,HIK-DS-K2M0016A,NOMINEES PTY LTD T/A NORTH STAR SECURITY,1,8,0,0,0,20,25,30,10,26/08/2020
200468,BRA-1280ZJ-DM18,NOMINEES PTY LTD T/A NORTH STAR SECURITY,1,28,40,0,40,20,25,30,10,26/08/2020
200468,HIK-DS-2CD2365G1-I-2,NOMINEES PTY LTD T/A NORTH STAR SECURITY,1,740,270,0,270,20,25,30,10,26/08/2020
200468,BRA-1280ZJ-DM21,NOMINEES PTY LTD T/A NORTH STAR SECURITY,1,64,218,0,218,20,25,30,10,26/08/2020
200468,HIK-DS-3E0105P-E,NOMINEES PTY LTD T/A NORTH STAR SECURITY,1,14,100,0,100,20,25,30,10,26/08/2020
200468,HIK-DS-KH6320-WTE2-WHITE,NOMINEES PTY LTD T/A NORTH STAR SECURITY,35,50,0,0,0,20,25,30,10,26/08/2020
201246,ION-FEBM-720,HBE SECURITY PTY LTD,4,0,64,24,88,10,25,5,10,19/08/2020
201828,ION-F16-2000A,HBE SECURITY PTY LTD,2,0,8,22,30,10,25,5,10,11/06/2020
201828,ION-FEBM-720,HBE SECURITY PTY LTD,4,0,64,24,88,10,25,5,10,11/06/2020
201828,ION-F16-AS400,HBE SECURITY PTY LTD,2,11,40,12,52,10,25,11,10,12/08/2020
201828,ION-F16-AS400,HBE SECURITY PTY LTD,1,11,40,12,52,10,25,5,10,12/08/2020
201828,ION-F16-1000,HBE SECURITY PTY LTD,1,1,16,4,20,10,25,10,10,7/08/2020
202071,HIK-DS-7616NI-I2-16P-3TB,Digital Video Recording Systems Australia,1,19,44,0,44,10,20,10,10,20/05/2020
202071,HIK-DS-2CD2365G1-I-2,Digital Video Recording Systems Australia,14,740,270,0,270,10,20,10,10,3/06/2020
202071,BRA-1280ZJ-DM21,Digital Video Recording Systems Australia,14,64,218,0,218,10,20,10,10,3/06/2020
202076,HIK-DS-2CD2665G1-IZS-BLACK,LAKES SECURITY PTY LTD,3,0,7,0,7,10,25,5,10,22/05/2020
202217,UB-LOCOM5,CRUSADER SECURITY,2,33,0,0,0,10,20,10,10,21/05/2020
202217,UB-NHU-ETH-SP-G2,CRUSADER SECURITY,2,27,0,0,0,10,20,10,10,21/05/2020
202217,Labour-Cameras,CRUSADER SECURITY,,0,0,0,0,10,20,,10,21/05/2020
202217,UB-AM,CRUSADER SECURITY,2,30,0,0,0,10,20,10,10,21/05/2020
202217,HIK-DS-3E0105P-E,CRUSADER SECURITY,1,14,100,0,100,10,20,10,10,21/05/2020
202217,HIK-DS-2CD2665G1-IZS,CRUSADER SECURITY,2,36,158,0,158,10,20,10,10,21/05/2020
202217,BRA-1280ZJ-S,CRUSADER SECURITY,2,22,70,0,70,10,20,10,10,21/05/2020
202577L,HIK-DS-2DE4A220IW-DE,PROTECT WEST SECURITY,1,0,0,0,0,10,20,5,10,25/08/2020
203004,HDD-WD-P-3TB,PROTECT WEST SECURITY,,38,4,0,4,10,25,,20,28/05/2020
203379,ION-FEBM-720,HBE SECURITY PTY LTD,8,0,64,24,88,10,20,5,10,2/06/2020
204031,ION-F16-2000A,HBE SECURITY PTY LTD,2,0,8,22,30,10,25,5,10,20/08/2020
204031,ION-FEBM-720,HBE SECURITY PTY LTD,4,0,64,24,88,10,25,5,10,20/08/2020
204031,ION-F16-AS400,HBE SECURITY PTY LTD,1,11,40,12,52,10,25,11,10,20/08/2020
204031,ION-F16-AS400,HBE SECURITY PTY LTD,1,11,40,12,52,10,25,5,10,20/08/2020
204473,HIK-DS-2CD6825G0/C-IVS,CORPCLOUD PTY LTD,1,0,2,0,2,10,20,5,10,12/06/2020
204600,HIK-DS-2CD6425G0-10-2M-3,BDMS Engineering,6,0,6,0,6,10,20,5,10,15/06/2020
204663,ION-FEBM-720,BLUE FORCE PTY LTD,2,0,64,24,88,10,25,5,10,19/08/2020
204663,ION-F16-2000,BLUE FORCE PTY LTD,1,0,8,22,30,10,25,5,10,19/08/2020
204768 - Perth Airport,HIK-DS-2CD5A46G0-IZS 2.8-12,SECURITY MANAGEMENT,,2,58,0,58,10,20,,12,24/07/2020
204768 - Perth Airport,HIK-DS-2CD5546G0-IZS 2.8-12mm,SECURITY MANAGEMENT,,14,49,0,49,10,20,,12,24/07/2020
204832,ION-F16-2000A,HBE SECURITY PTY LTD,2,0,8,22,30,10,25,5,10,20/08/2020
204832,ION-FEBM-720,HBE SECURITY PTY LTD,4,0,64,24,88,10,25,5,10,20/08/2020
204832,ION-F16-AS400,HBE SECURITY PTY LTD,1,11,40,12,52,10,25,11,10,20/08/2020
204832,ION-F16-AS400,HBE SECURITY PTY LTD,1,11,40,12,52,10,25,5,10,20/08/2020
206716,ATEN-CL6708MW,BLUE FORCE PTY LTD,1,1,1,0,1,10,20,11,10,7/07/2020
206716,ATEN-2L-7D02U,BLUE FORCE PTY LTD,1,2,5,0,5,10,20,10,10,7/07/2020
206732,ION-F16-2000A,HBE SECURITY PTY LTD,2,0,8,22,30,10,25,5,10,12/05/2020
206732,ION-FEBM-720,HBE SECURITY PTY LTD,4,0,64,24,88,10,25,5,10,1/07/2020
206732,ION-F16-AS400,HBE SECURITY PTY LTD,1,11,40,12,52,10,25,11,10,12/05/2020
206732,ION-F16-AS400,HBE SECURITY PTY LTD,1,11,40,12,52,10,25,5,10,12/05/2020
206732,KVM-CS-692,HBE SECURITY PTY LTD,1,0,0,0,0,10,25,5,10,10/06/2020
206732,RACK47,HBE SECURITY PTY LTD,2,5,0,0,0,20,25,30,10,21/08/2020
206732,DLINK-DGS-1210-28P,HBE SECURITY PTY LTD,2,9,0,0,0,20,25,30,10,21/08/2020
206732,HIK-DS-2CD2765G0-IZS,HBE SECURITY PTY LTD,17,26,234,0,234,20,25,30,10,21/08/2020
206732,HIK-DS-2CD2765G0-IZS,HBE SECURITY PTY LTD,7,26,234,0,234,20,25,10,10,21/08/2020
206732,BRA-1473ZJ-155,HBE SECURITY PTY LTD,2,33,52,0,52,20,25,30,10,21/08/2020
206732,BRA-1475ZJ-SUS,HBE SECURITY PTY LTD,2,7,0,0,0,20,25,30,10,21/08/2020
206732,ATEN-CL6700MW,HBE SECURITY PTY LTD,1,5,0,0,0,20,25,30,10,21/08/2020
206738,HIK-DS-2CD2765G0-IZS,TECH WEST,2,26,234,0,234,20,25,30,10,20/08/2020
206738,HIK-DS-2CD2765G0-IZS,TECH WEST,7,26,234,0,234,20,25,10,10,20/08/2020
206738,HIK-DS-2CD2765G0-IZS,TECH WEST,12,26,234,0,234,20,25,5,10,20/08/2020
206738,HIK-DS-2CD2765G1-IZS,TECH WEST,20,140,112,0,112,10,25,10,10,19/08/2020
206738,HIK-DS-2DF8225IX-AEL,TECH WEST,2,2,1,0,1,20,25,30,10,21/08/2020
206738,HIK-DS-2DF8225IX-AEL,TECH WEST,1,2,1,0,1,20,25,40,10,21/08/2020
206738,BRA-1604ZJ-BOX,TECH WEST,1,5,0,0,0,20,25,30,10,20/08/2020
206738,BRA-1619ZJ,TECH WEST,1,0,1,0,1,30,25,40,10,19/08/2020
206738,BRA-1619ZJ,TECH WEST,1,0,1,0,1,30,25,5,10,19/08/2020
206738,HIK-DS-2CD2765G1-IZS,TECH WEST,17,140,112,0,112,20,25,30,10,20/08/2020
206738,BRA-1280ZJ-DM55,TECH WEST,13,86,40,0,40,20,25,30,10,20/08/2020
206738,BRA-1280ZJ-DM55,TECH WEST,4,86,40,0,40,20,25,30,10,20/08/2020
206804,DELL-WORKSTATION-R3930,BLUE FORCE PTY LTD,1,1,0,0,0,20,25,30,10,24/08/2020
206804,ION-F16-2000A,BLUE FORCE PTY LTD,1,0,8,22,30,10,25,5,10,18/08/2020
206804,ION-FEBM-720,BLUE FORCE PTY LTD,1,0,64,24,88,10,25,5,10,18/08/2020
206804,ION-F16-AS400,BLUE FORCE PTY LTD,1,11,40,12,52,10,25,10,10,18/08/2020
206804,HIK-DS-2CD2765G1-IZS,BLUE FORCE PTY LTD,11,140,112,0,112,20,25,30,10,24/08/2020
206804,ATEN-CL6708MW,BLUE FORCE PTY LTD,1,1,1,0,1,10,25,11,10,18/08/2020
206804,AVIGILON-R540-STD-48TB,BLUE FORCE PTY LTD,1,0,1,0,1,10,25,5,10,18/08/2020
207058,ION-F16-3000A,SURROUND SOUNDS,2,0,8,5,13,10,20,5,10,25/08/2020
207058,IEC-CAB1AD100,SURROUND SOUNDS,4,32,0,0,0,10,20,10,10,25/08/2020
207058,FREIGHT,SURROUND SOUNDS,1,0,1,0,1,10,20,10,10,25/08/2020
207058,IEC-CAB1AD100,SURROUND SOUNDS,1,32,0,0,0,10,20,10,10,25/08/2020
207277,HIK-DS-2CD2051G1-IDW1-2,Ryan Banks,1,0,1,0,1,10,20,5,10,10/07/2020
207594,HIK-DS-2CD6520ET-IO,ASHLEY GROUP,8,40,0,0,0,20,25,30,10,25/08/2020
207596,MON-LG-43SM5KE-B,SECUREX SYSTEMS & SERVICES,2,0,2,0,2,10,25,5,10,21/08/2020
207596,TIXX-AR400,SECUREX SYSTEMS & SERVICES,2,2,0,0,0,20,25,30,10,21/08/2020
207596,ATEN-VE800A,SECUREX SYSTEMS & SERVICES,2,25,0,0,0,20,25,30,10,21/08/2020
207596,HIK-DS-2CD2765G0-IZS,SECUREX SYSTEMS & SERVICES,7,26,234,0,234,10,25,10,10,21/08/2020
207596,HIK-DS-6716HWI-SATA,SECUREX SYSTEMS & SERVICES,1,0,0,0,0,10,25,5,10,21/08/2020
207596,ION-F16-2000A,SECUREX SYSTEMS & SERVICES,1,0,8,22,30,10,25,5,10,21/08/2020
207596,ION-FEBM-720,SECUREX SYSTEMS & SERVICES,2,0,64,24,88,10,25,5,10,21/08/2020
207596,ION-F16-AS400,SECUREX SYSTEMS & SERVICES,1,11,40,12,52,20,25,30,10,21/08/2020
207596,ATEN-6708MW,SECUREX SYSTEMS & SERVICES,,,,,,10,25,,11,21/08/2020
207596,BRA-1473ZJ-155B,SECUREX SYSTEMS & SERVICES,3,3,16,0,16,20,25,30,10,21/08/2020
207596,ATEN-VE803,SECUREX SYSTEMS & SERVICES,1,1,0,0,0,20,25,30,10,21/08/2020
207596,AT-x230-28GP,SECUREX SYSTEMS & SERVICES,1,4,0,0,0,10,25,10,10,21/08/2020
207596,HIK-DS-9632NI-I8,SECUREX SYSTEMS & SERVICES,1,0,0,0,0,10,25,5,10,21/08/2020
207596,HDD-WD-P-8TB,SECUREX SYSTEMS & SERVICES,3,5,0,0,0,20,25,30,10,21/08/2020
207921,HIK-DS-2CD2665G1-IZS-BLACK,LAKES SECURITY PTY LTD,2,0,7,0,7,10,20,5,10,17/07/2020
207955,CABL41-VSP-BLU,PRESTIGE ALARMS,2,0,72,0,72,10,25,5,10,17/07/2020
208275,SONY-SNC-WR632C,GLOBAL COMMUNICATION SERVICES,4,0,4,0,4,10,25,5,10,26/08/2020
208275,SONY-UNI-WMB2P/T,GLOBAL COMMUNICATION SERVICES,1,1,3,0,3,20,25,30,10,26/08/2020
208275,SONY-UNI-WMB2P/T,GLOBAL COMMUNICATION SERVICES,3,1,3,0,3,20,25,5,10,26/08/2020
208374,AX-P3227-LVE,ROCK & WIRE PTY LTD,1,1,1,0,1,10,20,10,10,30/07/2020
208374,AX-T91G61-WALL-MOUNT,ROCK & WIRE PTY LTD,1,0,1,0,1,10,20,10,10,30/07/2020
208374,AX-Q6010-E-50HZ,ROCK & WIRE PTY LTD,1,0,1,0,1,10,20,10,10,30/07/2020
208497,HIK-DS-2CD2765G1-IZS,BLUE FORCE PTY LTD,4,140,112,0,112,20,25,30,10,26/08/2020
208497,BRA-1473ZJ-155,BLUE FORCE PTY LTD,4,33,52,0,52,20,25,30,10,26/08/2020
208513,DELL-SERVER-R540-14BAY,TECH WEST,1,0,0,0,0,10,25,5,10,19/08/2020
208513,DELL-OS-WS2016STA,TECH WEST,1,0,0,0,0,10,25,5,10,19/08/2020
208513,DELL-HDD-SAS-300GB-3.5INCH-14G,TECH WEST,2,2,0,0,0,10,25,11,10,19/08/2020
208513,DELL-HDD-NLSAS-12TB-14G,TECH WEST,7,0,0,0,0,10,25,5,10,19/08/2020
208513,MILE-PLUS-PRO-XPPPLUSBL,TECH WEST,,0,0,0,0,10,25,,12,19/08/2020
208513,MILE-PLUS-PRO-XPPPLUSDL,TECH WEST,,0,0,0,0,10,25,,12,19/08/2020
208513,MILE-PLUS-PRO-YXPPPLUSDL,TECH WEST,,0,0,0,0,10,25,,12,19/08/2020
208513,DELL-HDD-SAS-300GB-3.5INCH-14G,TECH WEST,2,2,0,0,0,10,25,5,10,19/08/2020
208513,DELL-HDD-NLSAS-12TB-14G,TECH WEST,2,0,0,0,0,10,25,5,10,19/08/2020
208513,MILE-PLUS-PRO-XPPPLUSDL,TECH WEST,,0,0,0,0,10,25,,12,19/08/2020
208513,MILE-PLUS-PRO-YXPPPLUSDL,TECH WEST,,0,0,0,0,10,25,,12,19/08/2020
208513,DELL-HDD-NLSAS-12TB-14G,TECH WEST,1,0,0,0,0,10,25,5,10,19/08/2020
208513,MILE-PLUS-PRO-XPPPLUSDL,TECH WEST,,0,0,0,0,10,25,,12,19/08/2020
208513,MILE-PLUS-PRO-YXPPPLUSDL,TECH WEST,,0,0,0,0,10,25,,12,19/08/2020
208853,HIK-DS-KAB671-B,21ST CENTURY BUSINESS,,0,3,0,3,10,25,,12,29/07/2020
208853,FREIGHT,21ST CENTURY BUSINESS,1,0,1,0,1,10,25,10,10,29/07/2020
208898,HIK-DS-7604NI-K1-4P-2TB,COURT SECURITY,,33,28,0,28,10,20,,20,28/07/2020
208898,HIK-DS-2CD2385G1-I-2,COURT SECURITY,,83,270,0,270,10,20,,20,28/07/2020
208898,HIK-DS-2CD2385G1-I-4,COURT SECURITY,,30,3,0,3,10,20,,20,28/07/2020
209020,PL-MGBTSX,PRESTIGE ALARMS,,1,0,0,0,10,25,,12,29/07/2020
209443 - Lucent,HIK-DS-KD-ACF3,BLUE FORCE PTY LTD,1,1,4,0,4,20,25,30,10,21/08/2020
209443 - Lucent,HIK-DS-KD8003-IME1,BLUE FORCE PTY LTD,1,7,23,0,23,20,25,30,10,21/08/2020
209443 - Lucent,HIK-DS-KD-DIS,BLUE FORCE PTY LTD,1,4,8,0,8,20,25,30,10,21/08/2020
209443 - Lucent,HIK-DS-KD-KP,BLUE FORCE PTY LTD,1,4,28,0,28,10,25,10,10,14/08/2020
209443 - Lucent,HIK-DS-KH6320-WTE1-WHITE,BLUE FORCE PTY LTD,20,80,20,0,20,30,25,40,10,21/08/2020
209443 - Lucent,HIK-DS-KH6320-WTE1-WHITE,BLUE FORCE PTY LTD,19,80,20,0,20,30,25,30,10,21/08/2020
209443 - Lucent,DLINK-DES-F1010P-E,BLUE FORCE PTY LTD,7,34,0,0,0,20,25,30,10,21/08/2020
209443 - Lucent,DLINK-DES-F1006P-E,BLUE FORCE PTY LTD,1,5,0,0,0,20,25,30,10,21/08/2020
209443 - Lucent,HIK-DS-K2210,BLUE FORCE PTY LTD,2,8,0,0,0,20,25,30,10,21/08/2020
209443 - Lucent,HIK-DS-K2M0016A,BLUE FORCE PTY LTD,2,8,0,0,0,20,25,30,10,21/08/2020
209443 - Lucent,POW32,BLUE FORCE PTY LTD,1,1,0,0,0,20,25,30,10,21/08/2020
209443 - Lucent,POW32,BLUE FORCE PTY LTD,1,1,0,0,0,20,25,5,10,21/08/2020
209443 - Lucent,HIK-DS-9632NI-I8-4TB,BLUE FORCE PTY LTD,1,4,6,0,6,20,25,30,10,21/08/2020
209443 - Lucent,HIK-DS-2CD2555FWD-I-2,BLUE FORCE PTY LTD,1,35,80,0,80,20,25,30,10,21/08/2020
209443 - Lucent,HDD-WD-P-4TB,BLUE FORCE PTY LTD,1,24,0,0,0,20,25,30,10,21/08/2020
209443 - Lucent,HIK-DS-3E1326P-E,BLUE FORCE PTY LTD,1,5,12,0,12,20,25,30,10,21/08/2020
209443 - Lucent,HIK-DS-2CD2165G0-I-2,BLUE FORCE PTY LTD,18,195,0,0,0,20,25,30,10,21/08/2020
209521,HIK-DS-7616NI-I2-16P-3TB,BLUE FORCE PTY LTD,1,19,44,0,44,20,25,30,10,21/08/2020
209521,HDD-WD-P-3TB,BLUE FORCE PTY LTD,1,38,4,0,4,20,25,30,10,21/08/2020
209521,HIK-DS-2CD2765G1-IZS,BLUE FORCE PTY LTD,10,140,112,0,112,20,25,30,10,21/08/2020
209521,HIK-DS-KD-ACW3,BLUE FORCE PTY LTD,1,5,8,0,8,20,25,30,10,21/08/2020
209521,HIK-DS-KD8003-IME1,BLUE FORCE PTY LTD,1,7,23,0,23,20,25,30,10,21/08/2020
209521,HIK-DS-KD-KP,BLUE FORCE PTY LTD,1,4,28,0,28,20,25,30,10,21/08/2020
209521,HIK-DS-KD-DIS,BLUE FORCE PTY LTD,1,4,8,0,8,20,25,30,10,21/08/2020
209521,HIK-DS-KH6320-WTE1-WHITE,BLUE FORCE PTY LTD,49,80,20,0,20,20,25,30,10,21/08/2020
209521,HIK-DS-K2210,BLUE FORCE PTY LTD,2,8,0,0,0,20,25,30,10,21/08/2020
209521,HIK-DS-K2M0016A,BLUE FORCE PTY LTD,2,8,0,0,0,20,25,30,10,21/08/2020
209521,POW32,BLUE FORCE PTY LTD,2,1,0,0,0,10,25,5,10,21/08/2020
209521,DLINK-DES-F1010P-E,BLUE FORCE PTY LTD,9,34,0,0,0,20,25,30,10,21/08/2020
209521,DLINK-DES-F1006P-E,BLUE FORCE PTY LTD,1,5,0,0,0,20,25,30,10,21/08/2020
209568,HIK-DS-7608NI-I2-8P-3TB,CORPCLOUD PTY LTD,1,8,128,12,140,10,20,10,10,4/08/2020
209568,HIK-DS-2CD2365G1-I-2,CORPCLOUD PTY LTD,8,740,270,0,270,10,20,10,10,4/08/2020
209568,HIK-AL-PWA32-KS,CORPCLOUD PTY LTD,1,9,20,0,20,10,20,10,10,4/08/2020
209568,HIK-AL-PD2-P10P-W,CORPCLOUD PTY LTD,7,34,0,0,0,10,20,10,10,4/08/2020
209568,HIK-AL-PD1-MC-WWS,CORPCLOUD PTY LTD,16,53,5,0,5,10,20,10,10,4/08/2020
209568,HIK-AL-PSG-WO-KIT,CORPCLOUD PTY LTD,,,,,,10,20,,80,4/08/2020
209568,HIK-AL-PSG-WO,CORPCLOUD PTY LTD,1,,,,,10,20,10,10,4/08/2020
209568,BAT22L,CORPCLOUD PTY LTD,3,29,0,0,0,10,20,10,10,4/08/2020
209568,HIK-AL-PSG-WI-KIT,CORPCLOUD PTY LTD,,,,,,10,20,,80,4/08/2020
209568,HIK-AL-PSG-WI,CORPCLOUD PTY LTD,1,,,,,10,20,10,10,4/08/2020
209568,BAT22L,CORPCLOUD PTY LTD,3,29,0,0,0,10,20,10,10,4/08/2020
209568,HIK-DS-KD-ACW1,CORPCLOUD PTY LTD,1,7,15,0,15,10,20,10,10,4/08/2020
209568,HIK-DS-KD8003-IME1,CORPCLOUD PTY LTD,1,7,23,0,23,10,20,10,10,4/08/2020
209568,HIK-DS-3E0105P-E,CORPCLOUD PTY LTD,1,14,100,0,100,10,20,10,10,4/08/2020
209568,HIK-DS-KH6320-WTE1-BLACK,CORPCLOUD PTY LTD,1,31,100,0,100,10,20,10,10,4/08/2020
209568,CABL40-GREY,CORPCLOUD PTY LTD,2,46,0,0,0,10,20,10,10,4/08/2020
209580,HIK-DS-KIS602,Monitored Security,1,1,62,0,62,20,25,30,10,25/08/2020
209587,AX-T8640-POE+-OVER-COAX-ADAP,MPE TECHNOLOGIES,1,1,0,0,0,20,25,30,10,26/08/2020
210045,DELL-KMM-DKMMLED185,BLUE FORCE PTY LTD,1,,,,,10,20,5,10,11/03/2020
210096,NAS-SYNOLOGY-RS217,SECUREX SYSTEMS & SERVICES,1,0,0,0,0,10,20,5,10,10/08/2020
210120,AX-M3205,MCS SECURITY,1,2,0,0,0,20,25,30,10,26/08/2020
210256,AX-T8144-60W-INDUSTRIAL-MIDSPAN,SEME SOLUTIONS PTY LTD,1,0,1,0,1,10,20,5,10,11/08/2020
210256,AX-MAINS-ADAPTER-48V-DC-90W,SEME SOLUTIONS PTY LTD,1,0,1,0,1,10,20,5,10,11/08/2020
210475,AT-FS750/28PS,SAPIO PTY LTD,1,0,5,0,5,10,20,5,10,21/08/2020
210527,AT-FS750/28PS,SAPIO PTY LTD,1,0,5,0,5,10,20,5,10,21/08/2020
210528,HDD-SG-ST2000NM0008,SAPIO PTY LTD,1,0,1,0,1,10,20,10,10,25/08/2020
210590,AT-FS750/28PS,SAPIO PTY LTD,1,0,5,0,5,10,20,10,10,21/08/2020
210592,TVI-2CE78H8T-IT1F,MJH ELECTRICAL,2,5,40,0,40,10,20,11,10,14/08/2020
210595,AT-FS750/28PS,SAPIO PTY LTD,1,0,5,0,5,10,20,5,10,21/08/2020
210785,HIK-DS-2XM6222FWD-I-4,RADIO COMMUNICATIONS TECHNOLOGY,38,0,40,0,40,10,20,5,10,24/08/2020
210906,HDD-WD-P-3TB,NOMINEES PTY LTD T/A NORTH STAR SECURITY,,38,4,0,4,10,25,,20,20/08/2020
210988,AT-FS750/28PS,SAPIO PTY LTD,1,0,5,0,5,10,20,5,10,21/08/2020
210995,RACK36,SAPIO PTY LTD,1,7,0,0,0,20,25,30,10,26/08/2020
210997,RACK36,SAPIO PTY LTD,1,7,0,0,0,20,25,30,10,26/08/2020
210998,RACK36,SAPIO PTY LTD,1,7,0,0,0,20,25,30,10,26/08/2020
210999,RACK36,SAPIO PTY LTD,1,7,0,0,0,20,25,30,10,26/08/2020
211000,RACK36,SAPIO PTY LTD,1,7,0,0,0,20,25,30,10,26/08/2020
211124,BRA-1473ZJ-155,BLUE FORCE PTY LTD,1,33,52,0,52,10,20,10,10,21/08/2020
211124,ION-FEBM-720,BLUE FORCE PTY LTD,1,0,64,24,88,10,20,10,10,21/08/2020
211124,HIK-DS-2CD2765G1-IZS,BLUE FORCE PTY LTD,1,140,112,0,112,10,20,10,10,21/08/2020
211124,DELL-WORKSTATION-T3630-WESTFIELD,BLUE FORCE PTY LTD,1,0,1,0,1,10,20,10,10,21/08/2020
211140,HIK-DS-2DF8436IX-AELW,KCGM,1,0,0,1,1,10,20,5,10,20/08/2020
211140,BRA-1602ZJ,KCGM,1,24,0,0,0,10,20,10,10,20/08/2020
211140,BRA-1604ZJ-BOX,KCGM,1,5,0,0,0,10,20,10,10,20/08/2020
211441,HIK-DS-2XM6756FWD-IS-2,ASHLEY GROUP,24,0,8,0,8,10,25,5,10,25/08/2020
211441,HIK-DS-MP5604N,ASHLEY GROUP,3,4,11,0,11,20,25,30,10,25/08/2020
211441,HIK-DS-MP5604N,ASHLEY GROUP,1,4,11,0,11,20,25,10,10,25/08/2020
211441,HIK-DS-MP5604N,ASHLEY GROUP,6,4,11,0,11,20,25,5,10,25/08/2020
211475,HIK-DS-2CD2346G2-ISU/SL-2,BELLZ ELECTRONICS SECURITY,1,2,48,0,48,20,25,30,10,26/08/2020
211478,HIK-DS-KD-IN,NOMINEES PTY LTD T/A NORTH STAR SECURITY,1,1,0,0,0,10,25,10,10,25/08/2020
211568,HIK-DS-2DE4425IW-DE,REMOTE POWER SOLUTIONS,1,1,27,0,27,20,25,30,10,26/08/2020
211568,BRA-1602ZJ,REMOTE POWER SOLUTIONS,1,24,0,0,0,20,25,30,10,26/08/2020
211568,HIK-DS-2CD2365G1-I-2,REMOTE POWER SOLUTIONS,1,740,270,0,270,20,25,30,10,26/08/2020
211568,BRA-1275ZJ,REMOTE POWER SOLUTIONS,1,20,60,0,60,20,25,30,10,26/08/2020
211568,HIK-DS-2CD2T65G1-I5-2.8,REMOTE POWER SOLUTIONS,2,7,26,0,26,20,25,30,10,26/08/2020
211568,BRA-1275ZJ,REMOTE POWER SOLUTIONS,2,20,60,0,60,20,25,30,10,26/08/2020
211568,HIK-DS-7608NI-I2-8P-3TB,REMOTE POWER SOLUTIONS,1,8,128,12,140,20,25,30,10,26/08/2020
211570L,HIK-DS-2CD2555FWD-I-2,Intruder Stop,1,35,80,0,80,20,25,30,10,25/08/2020
211593,HIK-DS-7616NI-I2-16P-3TB,NIDA,1,19,44,0,44,20,25,30,10,26/08/2020
211593,HIK-DS-2CD2347G1-L-2.8,NIDA,10,30,180,0,180,20,25,30,10,26/08/2020
211625,HIK-DS-2CD2665G1-IZS,SECURUS,1,36,158,0,158,20,25,30,10,26/08/2020
211635,HIK-DS-KAB21-H,SEME SOLUTIONS PTY LTD,1,0,0,0,0,10,20,5,10,26/08/2020
211635,FREIGHT,SEME SOLUTIONS PTY LTD,1,0,1,0,1,10,20,10,10,26/08/2020
211649,HIK-DS-2CD2765G1-IZS,BLUE FORCE PTY LTD,19,140,112,0,112,20,25,30,10,26/08/2020
211664,HIK-DS-3E0105P-E,POWERCARE (WA) PTY LTD,1,14,100,0,100,10,20,10,10,26/08/2020
211706,TP-TL-POE150S,PMT SECURITY SYSTEMS PTY LTD,1,1,15,0,15,10,20,10,10,26/08/2020
211706,TP-TL-POE150S,PMT SECURITY SYSTEMS PTY LTD,4,1,15,0,15,10,20,5,10,26/08/2020
211731,HIK-DS-2CD2165G0-I-2,HI TECH SECURITY WA PTY LTD,6,195,0,0,0,20,25,30,10,26/08/2020
211731,BRA-1280ZJ-DM18,HI TECH SECURITY WA PTY LTD,4,28,40,0,40,20,25,30,10,26/08/2020
211731,FREIGHT,HI TECH SECURITY WA PTY LTD,1,0,1,0,1,10,25,10,10,26/08/2020
211734,HIK-1H05-R,SEME SOLUTIONS PTY LTD,1,0,0,1,1,10,20,10,10,26/08/2020
211734,HIK-1H05-T,SEME SOLUTIONS PTY LTD,1,0,0,1,1,10,20,10,10,26/08/2020
211734,FREIGHT,SEME SOLUTIONS PTY LTD,1,0,1,0,1,10,20,10,10,26/08/2020
211736,ATEN-VE800A,SEME SOLUTIONS PTY LTD,1,25,0,0,0,10,20,10,10,26/08/2020
211736,FREIGHT,SEME SOLUTIONS PTY LTD,1,0,1,0,1,10,20,10,10,26/08/2020
211738,AT-x510-52GPX,SAPIO PTY LTD,1,0,0,0,0,10,20,5,10,26/08/2020
211740,HIK-DS-2CD2365G1-I-2,SECURUS,2,740,270,0,270,20,25,30,10,26/08/2020
211743,HIK-DS-7604NI-K1-4P-3TB,AUSTECH SURVEILLANCE & IT PTY LTD,1,26,36,0,36,20,25,30,10,26/08/2020
211743,HIK-DS-2CD2365G1-I-2,AUSTECH SURVEILLANCE & IT PTY LTD,3,740,270,0,270,20,25,30,10,26/08/2020
211745,BAT-12V-18AH,SAPIO PTY LTD,8,8,0,0,0,10,20,10,10,26/08/2020
